Comment,Designator,Footprint,LCSC,Quantity
0,R1,R_0402_1005Metric,C17168,1
100n,"C1,C3,C4,C6",C_0402_1005Metric,C1525,4
10k,"R4,R5",R_0402_1005Metric,C25744,2
1SS404,D1,D_SOD-323,C2847422,1
1k,"R6,R7",R_0402_1005Metric,C11702,2
4.7u,"C2,C5",C_0603_1608Metric,C19666,2
5.1k,"R2,R3",R_0402_1005Metric,C25905,2
DISH_LED,J1,JST_XH_B2B-XH-A_1x02_P2.50mm_Vertical,C158012,1
DISH_SENSOR,J14,JST_XH_B4B-XH-A_1x04_P2.50mm_Vertical,C144395,1
GPIO_EXPANSION,J4,PinHeader_2x05_P2.54mm_Vertical,C492422,1
HX 3x4x2-2P-1.6N,SW2,KEY-SMD_L4.0-W3.0-LS4.9-1,C49234124,1
KEY1,J5,JST_XH_B4B-XH-A_1x04_P2.50mm_Vertical,C144395,1
KEY2,J6,JST_XH_B4B-XH-A_1x04_P2.50mm_Vertical,C144395,1
KEY3,J7,JST_XH_B4B-XH-A_1x04_P2.50mm_Vertical,C144395,1
KEY4,J8,JST_XH_B4B-XH-A_1x04_P2.50mm_Vertical,C144395,1
KEY5,J9,JST_XH_B4B-XH-A_1x04_P2.50mm_Vertical,C144395,1
KEY6,J10,JST_XH_B4B-XH-A_1x04_P2.50mm_Vertical,C144395,1
KEY7,J11,JST_XH_B4B-XH-A_1x04_P2.50mm_Vertical,C144395,1
MDBT50Q-1MV2,U1,Raytac_MDBT50Q,C5118826,1
RESET,SW1,KEY-SMD_L4.0-W3.0-LS4.9-1,C49234124,1
SELECT,J13,JST_XH_B4B-XH-A_1x04_P2.50mm_Vertical,C144395,1
SS14,D2,D_SMA,C2480,1
START,J12,JST_XH_B4B-XH-A_1x04_P2.50mm_Vertical,C144395,1
SWD,J3,FanPinHeader_1x04_P2.54mm_Vertical,C5116483,1
TLC6C598PWR,"U2,U3",TSSOP-16_L5.0-W4.4-P0.65-LS6.4-BL,C2863406,2
TYPE-C-31-M-12,USBC1,USB-C_SMD-TYPE-C-31-M-12_1,C165948,1
