Designator,Val,Package,Mid X,Mid Y,Rotation,Layer
C1,100n,C_0402_1005Metric,-7.5,-3.5,180.0,top
C2,4.7u,C_0603_1608Metric,-7.0,-5.0,180.0,top
C3,100n,C_0402_1005Metric,12.0,-9.5,90.0,top
C4,100n,C_0402_1005Metric,12.5,-16.5,-90.0,top
C5,4.7u,C_0603_1608Metric,-21.0,-16.5,0.0,top
C6,100n,C_0402_1005Metric,-21.48,-15.0,0.0,top
D1,1SS404,D_SOD-323,-25.0,-15.5,90.0,top
D2,SS14,D_SMA,-3.0,-22.0,0.0,top
J1,DISH_LED,JST_XH_B2B-XH-A_1x02_P2.50mm_Vertical,-13.25,-22.0,0.0,top
J10,KEY6,JST_XH_B4B-XH-A_1x04_P2.50mm_Vertical,-18.75,-30.5,0.0,top
J11,KEY7,JST_XH_B4B-XH-A_1x04_P2.50mm_Vertical,-26.25,-39.0,0.0,top
J12,START,JST_XH_B4B-XH-A_1x04_P2.50mm_Vertical,-35.75,10.5,0.0,top
J13,SELECT,JST_XH_B4B-XH-A_1x04_P2.50mm_Vertical,30.25,10.5,0.0,top
J14,DISH_SENSOR,JST_XH_B4B-XH-A_1x04_P2.50mm_Vertical,-26.25,-22.0,0.0,top
J3,SWD,FanPinHeader_1x04_P2.54mm_Vertical,16.6525,8.23,90.0,top
J4,GPIO_EXPANSION,PinHeader_2x05_P2.54mm_Vertical,33.73,-14.08,0.0,top
J5,KEY1,JST_XH_B4B-XH-A_1x04_P2.50mm_Vertical,20.25,-39.0,0.0,top
J6,KEY2,JST_XH_B4B-XH-A_1x04_P2.50mm_Vertical,12.25,-30.5,0.0,top
J7,KEY3,JST_XH_B4B-XH-A_1x04_P2.50mm_Vertical,4.75,-39.0,0.0,top
J8,KEY4,JST_XH_B4B-XH-A_1x04_P2.50mm_Vertical,-3.25,-30.5,0.0,top
J9,KEY5,JST_XH_B4B-XH-A_1x04_P2.50mm_Vertical,-10.75,-39.0,0.0,top
R1,0,R_0402_1005Metric,-16.5,-17.5,-90.0,top
R2,5.1k,R_0402_1005Metric,5.5,2.5,90.0,top
R3,5.1k,R_0402_1005Metric,3.5,2.5,-90.0,top
R4,10k,R_0402_1005Metric,-2.0,-5.49,-90.0,top
R5,10k,R_0402_1005Metric,-0.5,-5.49,90.0,top
R6,1k,R_0402_1005Metric,-0.5,-7.99,90.0,top
R7,1k,R_0402_1005Metric,-2.0,-7.99,90.0,top
SW1,RESET,KEY-SMD_L4.0-W3.0-LS4.9-1,5.0,-2.5,0.0,top
SW2,HX 3x4x2-2P-1.6N,KEY-SMD_L4.0-W3.0-LS4.9-1,-23.5,-0.0,90.0,top
U1,MDBT50Q-1MV2,Raytac_MDBT50Q,-9.75,3.947544,0.0,top
U2,TLC6C598PWR,TSSOP-16_L5.0-W4.4-P0.65-LS6.4-BL,8.0,-13.13,90.0,top
U3,TLC6C598PWR,TSSOP-16_L5.0-W4.4-P0.65-LS6.4-BL,16.5,-13.0,270.0,top
USBC1,TYPE-C-31-M-12,USB-C_SMD-TYPE-C-31-M-12_1,6.0,9.0775,180.0,top
